Location,Occupancy
JEAP,49.89839999999999
JGAR,80.245
BSEA,64.17
BSLS,50.6935
BSGA,71.01
BG56,63.672000000000004
BG23,58.8115
BHEA,32.995
INFO,81.94999999999999
timestamp,2026-06-09 17:18:00
